-- Especializaçao de Departamento

INSERT INTO Especializacao_Dept VALUES ('CML1', 'Clinica Medico-legal e um local da medicina legal dirigida à pessoa presente, analisando essencialmente vitimas de crimes contra a integridade fisica, crimes sexuais e de maus-tratos.');
INSERT INTO Especializacao_Dept VALUES ('Necroterio1', 'Lugar onde sao colocados cadaveres que vao ser sujeitos a autopsia ou cuja identidade se pretende averiguar');
INSERT INTO Especializacao_Dept VALUES ('Necroterio2', 'Lugar onde sao colocados cadaveres que vao ser sujeitos a autopsia ou cuja identidade se pretende averiguar');
INSERT INTO Especializacao_Dept VALUES ('Necroterio3', 'Lugar onde sao colocados cadaveres que vao ser sujeitos a autopsia ou cuja identidade se pretende averiguar');
INSERT INTO Especializacao_Dept VALUES ('Necroterio4', 'Lugar onde sao colocados cadaveres que vao ser sujeitos a autopsia ou cuja identidade se pretende averiguar');
INSERT INTO Especializacao_Dept VALUES ('Necroterio5', 'Lugar onde sao colocados cadaveres que vao ser sujeitos a autopsia ou cuja identidade se pretende averiguar');
INSERT INTO Especializacao_Dept VALUES ('CML2', 'Clinica Medico-legal e um local da medicina legal dirigida à pessoa presente, analisando essencialmente vitimas de crimes contra a integridade fisica, crimes sexuais e de maus-tratos.');
INSERT INTO Especializacao_Dept VALUES ('CML3', 'Clinica Medico-legal e um local da medicina legal dirigida à pessoa presente, analisando essencialmente vitimas de crimes contra a integridade fisica, crimes sexuais e de maus-tratos.');
INSERT INTO Especializacao_Dept VALUES ('CML4', 'Clinica Medico-legal e um local da medicina legal dirigida à pessoa presente, analisando essencialmente vitimas de crimes contra a integridade fisica, crimes sexuais e de maus-tratos.');
INSERT INTO Especializacao_Dept VALUES ('CML5', 'Clinica Medico-legal e um local da medicina legal dirigida à pessoa presente, analisando essencialmente vitimas de crimes contra a integridade fisica, crimes sexuais e de maus-tratos.');

-- Funcionario

  -- Funcionario Medico

INSERT INTO Funcionario VALUES ('129.201.107-64', 'Gustavo Dimmas Iwand','M','3000.00', TO_DATE('16/08/1987', 'dd/mm/yyyy'), '50090-240', 'Rua Anna Bezerra, 616, Recife-PE');
INSERT INTO Funcionario VALUES ('629.546.185-90', 'Marisa Gomes Cunha','F','3500.00', TO_DATE('10/12/1988', 'dd/mm/yyyy'), '50751-390', 'Rua Anne Frank, 667, Recife-PE');
INSERT INTO Funcionario VALUES ('834.246.567-55', 'Flavio Soares','M','4000.00', TO_DATE('09/05/1984', 'dd/mm/yyyy'), '52140-320', 'Rua Anori, 878, Recife-PE');
INSERT INTO Funcionario VALUES ('718.263.835-57', 'Victor Sales','M','3100.00', TO_DATE('11/06/1982', 'dd/mm/yyyy'), '51240-630', 'Rua Celio Lopes, 1385, Recife-PE');
INSERT INTO Funcionario VALUES ('723.842.503-37', 'Laura Cohim','F','4850.00', TO_DATE('18/11/1972', 'dd/mm/yyyy'), '50760-825', 'Rua Celio Pinheiro de Albuquerque, 1921, Recife-PE');
INSERT INTO Funcionario VALUES ('683.132.239-52', 'Maria Elena Dantas','F','7200.00', TO_DATE('12/01/1970', 'dd/mm/yyyy'), '50690-705', 'Rua Centenario, 1916, Recife-PE');
INSERT INTO Funcionario VALUES ('444.788.547-69', 'Joyce Ferreira','F','8050.00', TO_DATE('01/08/1967', 'dd/mm/yyyy'), '51350-200', 'Rua Carire, 610, Recife-PE');
INSERT INTO Funcionario VALUES ('297.907.250-86', 'Victor Martins Pinto', 'M', '7720.00 ', TO_DATE('28/06/1989', 'dd/mm/yyyy'), '50620-310', 'Rua Carnaubal, 1387, Recife-PE');
INSERT INTO Funcionario VALUES ('468.243.001-79', 'Beatrice Araujo Rodrigues', 'F', '4500.00', TO_DATE('27/03/1980', 'dd/mm/yyyy'), '53422-290', 'Rua Manuel Padilha, 609, Recife-PE');
INSERT INTO Funcionario VALUES ('458.370.681-20', 'Gustavo Castro Rodrigues', 'M', '4950.00', TO_DATE('23/12/1986', 'dd/mm/yyyy'), '50771-240', 'Rua Mabel, 1681, Recife-PE');
INSERT INTO Funcionario VALUES ('655.012.586-33', 'Giovanna Santos Ribeiro', 'F', '5850.00', TO_DATE('25/11/1984', 'dd/mm/yyyy'), '51230-470', 'Rua Ivonete Ferreira da Silva, 1921, Recife-PE');
INSERT INTO Funcionario VALUES ('885.391.980-96', 'Enzo Dias Barbosa', 'M', '2600.00', TO_DATE('14/01/1977', 'dd/mm/yyyy'), '50910-360', 'Rua Gomes Bezerra Cavalcanti, 609, Recife-PE');
INSERT INTO Funcionario VALUES ('472.287.144-23', 'Otavio Barros Ribeiro', 'M', '2500.00', TO_DATE('15/02/1965', 'dd/mm/yyyy'), '51110-330', 'Rua Freire de Andrade, 1921, Recife-PE');

  -- Funcionario Administrativo/Terceirizado

INSERT INTO Funcionario VALUES ('155.956.944-16', 'Rafaela Araujo Santos', 'F', '2050.00 ', TO_DATE('07/12/1960', 'dd/mm/yyyy'), '51320-460', 'Rua Domingos Antonio Jorge, 646, Recife-PE');
INSERT INTO Funcionario VALUES ('468.191.198-44', 'Gabrielly Azevedo Pinto','F','2650.00', TO_DATE('28/05/1988', 'dd/mm/yyyy'), '50070-090', 'Rua Carlos Porto Carreiro, 79, Recife-PE');
INSERT INTO Funcionario VALUES ('522.798.868-47', 'Egdar Vitor Albuquerque','M','2000.00', TO_DATE('29/03/1990', 'dd/mm/yyyy'),'50875-090', 'Rua Anita Ferreira da Silva, 199, Recife-PE');
INSERT INTO Funcionario VALUES ('913.560.667-39', 'Daniel Souza Oliveira','M','1500.00 ', TO_DATE('08/07/1991', 'dd/mm/yyyy'), '51190-330', 'Rua Anita Garibaldi, 1795, Recife-PE');
INSERT INTO Funcionario VALUES ('592.304.141-31', 'Isabelle Souza Cardoso','F','1720.00 ', TO_DATE('21/01/1991', 'dd/mm/yyyy'), '52211-480', 'Rua Anitopolis, 124, Recife-PE');
INSERT INTO Funcionario VALUES ('325.533.181-11', 'Julia Asfora','F','2000.00 ', TO_DATE('30/09/1989', 'dd/mm/yyyy'), '51350-260', 'Rua Anizio Galvao, 1290, Recife-PE');
INSERT INTO Funcionario VALUES ('211.528.928-51', 'Tiago Souza Melo', 'M', '1550.00 ', TO_DATE('09/04/1995', 'dd/mm/yyyy'), '50630-320', 'Rua Carmem de Souza Leao, 1340, Recife-PE');
INSERT INTO Funcionario VALUES ('249.348.216-60', 'Diego Dias Almeida', 'M', '3200.00', TO_DATE('15/10/1966', 'dd/mm/yyyy'), '50820-470', 'Rua Manoel Azevedo, 1737, Recife-PE');
INSERT INTO Funcionario VALUES ('723.499.276-60', 'Rafaela Barbosa Dias', 'F', '2300.00', TO_DATE('30/11/1970', 'dd/mm/yyyy'), '52110-550', 'Rua Irapiranga, 585, Recife-PE');
INSERT INTO Funcionario VALUES ('419.117.609-98', 'Douglas Fernandes Pinto', 'M', '3250.00', TO_DATE('22/05/1973', 'dd/mm/yyyy'), '50640-720', 'Rua Itacuruba, 1737, Recife-PE');
INSERT INTO Funcionario VALUES ('540.393.729-30', 'Antonio Rodrigues Cardoso', 'M', '2950.00', TO_DATE('23/04/1991', 'dd/mm/yyyy'), '51320-560', 'Rua Gonçalves Ledo, 1681, Recife-PE');
INSERT INTO Funcionario VALUES ('646.440.783-01', 'Evelyn Carvalho Costa', 'F', '3300.00', TO_DATE('15/01/1964', 'dd/mm/yyyy'), '52041-140', 'Rua Fortaleza, 585, Recife-PE');

-- Medico

INSERT INTO Medico VALUES ('723.842.503-37', '03021', 'Medico Legista', null);
INSERT INTO Medico VALUES ('444.788.547-69', '03065', 'Medico Legista', '723.842.503-37');
INSERT INTO Medico VALUES ('629.546.185-90', '16180', 'Odontolegista', null);
INSERT INTO Medico VALUES ('683.132.239-52', '04022', 'Medico Legista', '629.546.185-90');
INSERT INTO Medico VALUES ('718.263.835-57', '12249', 'Radiologista', '444.788.547-69');
INSERT INTO Medico VALUES ('834.246.567-55', '11101', 'Medico Laboral', '683.132.239-52');
INSERT INTO Medico VALUES ('129.201.107-64', '06899', 'Radiologista', '629.546.185-90');
INSERT INTO Medico VALUES ('297.907.250-86', '02255', 'Medico Legista', '683.132.239-52');
INSERT INTO Medico VALUES ('458.370.681-20', '05127', 'Odontolegista', '444.788.547-69');
INSERT INTO Medico VALUES ('468.243.001-79', '16949', 'Radiologista', '444.788.547-69');
INSERT INTO Medico VALUES ('885.391.980-96', '13301', 'Medico Laboral', '297.907.250-86');
INSERT INTO Medico VALUES ('472.287.144-23', '16010', 'Odontolegista', '468.243.001-79');
INSERT INTO Medico VALUES ('655.012.586-33', '07835', 'Radiologista', '444.788.547-69');

-- Administrativo/Terceirizado 

INSERT INTO AdmTerc VALUES ('522.798.868-47','Auxiliar de legista','Tecnico');
INSERT INTO AdmTerc VALUES ('913.560.667-39','Auxiliar de laboratorio','Tecnico');
INSERT INTO AdmTerc VALUES ('592.304.141-31','Faxineiro','Medio');
INSERT INTO AdmTerc VALUES ('325.533.181-11','Recepcionista','Medio');
INSERT INTO AdmTerc VALUES ('468.191.198-44','Auxiliar de legista','Tecnico');
INSERT INTO AdmTerc VALUES ('249.348.216-60','Auxiliar de laboratorio','Tecnico');
INSERT INTO AdmTerc VALUES ('211.528.928-51','Faxineiro','Medio');
INSERT INTO AdmTerc VALUES ('155.956.944-16','Recepcionista','Medio');
INSERT INTO AdmTerc VALUES ('419.117.609-98', 'Auxiliar de laboratorio','Tecnico');
INSERT INTO AdmTerc VALUES ('723.499.276-60','Auxiliar de legista', 'Medio');
INSERT INTO AdmTerc VALUES ('646.440.783-01', 'Auxiliar de laboratorio','Tecnico');
INSERT INTO AdmTerc VALUES ('540.393.729-30', 'Faxineiro', 'Medio');

-- Departamento

INSERT INTO Departamento VALUES ('dx1', 'CML1', '723.842.503-37');
INSERT INTO Departamento VALUES ('dx2', 'Necroterio2', '444.788.547-69');
INSERT INTO Departamento VALUES ('dx3', 'Necroterio3', '718.263.835-57');
INSERT INTO Departamento VALUES ('dx4', 'CML4', '834.246.567-55');
INSERT INTO Departamento VALUES ('dx5', 'CML3', '629.546.185-90');
INSERT INTO Departamento VALUES ('dx6', 'Necroterio1', '683.132.239-52');
INSERT INTO Departamento VALUES ('dx7', 'Necroterio5', '129.201.107-64');
INSERT INTO Departamento VALUES ('dx8', 'CML5', '468.243.001-79');
INSERT INTO Departamento VALUES ('dx9', 'Necroterio4', '655.012.586-33');
INSERT INTO Departamento VALUES ('dx10', 'CML2', '297.907.250-86');

-- Corpo

INSERT INTO Corpo VALUES ('cx1', 'Jonatan Matos', 'Brasileira', null, TO_DATE('29/02/1988', 'dd/mm/yyyy'), 'M', 'Casado', 'dx2', null);
INSERT INTO Corpo VALUES ('cx2', 'Luciano Harper', 'Britanica', 'Andreia Harper', TO_DATE('03/03/1992', 'dd/mm/yyyy'),'M', 'Solteiro', 'dx7', null);
INSERT INTO Corpo VALUES ('cx3', 'Adelia Silva', 'Brasileira','Mariane Silva', TO_DATE('24/10/1984', 'dd/mm/yyyy'),'F', 'Casada', 'dx2', null);
INSERT INTO Corpo VALUES ('cx4', 'Clark Kent', 'Americana','Martha Kent', TO_DATE('11/11/1980', 'dd/mm/yyyy'),'M', 'Casado', 'dx6', null);
INSERT INTO Corpo VALUES ('cx5', 'Lucia Genro', 'Brasileira', null, TO_DATE('02/04/1981', 'dd/mm/yyyy'),'F', 'Solteira', 'dx2', '454-965-425.36');
INSERT INTO Corpo VALUES ('cx6', 'Alberto Pedrosa', 'Brasileira','Joao Pedrosa', TO_DATE('09/05/1998', 'dd/mm/yyyy'),'F', 'Solteira', 'dx2', '454-975-425.55');
INSERT INTO Corpo VALUES ('cx7', 'Juliana Oliveira', 'Brasileira','Andreia Oliveira', TO_DATE('30/04/2001', 'dd/mm/yyyy'),'F', 'Divorciada', 'dx7', '324-972-425.36');
INSERT INTO Corpo VALUES ('cx8', 'Douglas Cardoso Goncalves', 'Brasileira','Bruna Barros', TO_DATE('07/12/1968', 'dd/mm/yyyy'),'M', 'Casado', 'dx9', '218.899.096-02');
INSERT INTO Corpo VALUES ('cx9', 'Erick Santos Oliveira', 'Brasileira','Ana Santos', TO_DATE('03/09/1987', 'dd/mm/yyyy'),'M', 'Casado', 'dx9', '323.950.429-43');
INSERT INTO Corpo VALUES ('cx10', 'Giovana Souza Cardoso', 'Brasileira','Alesson Ribeiro', TO_DATE('01/09/1963', 'dd/mm/yyyy'),'M', 'Casada', 'dx6', '696.611.784-61');

-- Reconhecedor

INSERT INTO Reconhecedor VALUES ('Pedro Henrique Silva', '096.005.441-31', 'cx1');
INSERT INTO Reconhecedor VALUES ('Junior Leifert', '403.844.318-36', 'cx2');
INSERT INTO Reconhecedor VALUES ('Bruna Souza', '372.545.411-66', 'cx3');
INSERT INTO Reconhecedor VALUES ('Marcus Kent', '593.286.833-35', 'cx4');
INSERT INTO Reconhecedor VALUES ('Jenyce Genro', '785.348.472-07', 'cx5');
INSERT INTO Reconhecedor VALUES ('Fernanda Rufino', '827.414.451-17', 'cx3');
INSERT INTO Reconhecedor VALUES ('Vivian Oliveira', '673.239.176-38', 'cx7');
INSERT INTO Reconhecedor VALUES ('Thais Barros Silva', '490.969.843-40', 'cx8');
INSERT INTO Reconhecedor VALUES ('Mariana Barros Lima', '885.542.885-30', 'cx9');
INSERT INTO Reconhecedor VALUES ('Murilo Goncalves Pinto', '298.089.007-39', 'cx10');


-- Telefones de Funcionarios

INSERT INTO Fone_Func VALUES ('522.798.868-47', '81987231260');
INSERT INTO Fone_Func VALUES ('913.560.667-39', '81985132276');
INSERT INTO Fone_Func VALUES ('592.304.141-31', '81987225260');
INSERT INTO Fone_Func VALUES ('325.533.181-11', '81995136028');
INSERT INTO Fone_Func VALUES ('129.201.107-64', '81981176240');
INSERT INTO Fone_Func VALUES ('629.546.185-90', '81985326019');
INSERT INTO Fone_Func VALUES ('834.246.567-55', '81981251342');
INSERT INTO Fone_Func VALUES ('718.263.835-57', '81985646423');
INSERT INTO Fone_Func VALUES ('723.842.503-37', '81997162533');
INSERT INTO Fone_Func VALUES ('683.132.239-52', '81988705577');
INSERT INTO Fone_Func VALUES ('444.788.547-69', '81987707097');
INSERT INTO Fone_Func VALUES ('468.191.198-44', '81998765900');
INSERT INTO Fone_Func VALUES ('211.528.928-51', '81987659878');
INSERT INTO Fone_Func VALUES ('297.907.250-86', '81992453726');
INSERT INTO Fone_Func VALUES ('155.956.944-16', '81998710203');
INSERT INTO Fone_Func VALUES ('249.348.216-60', '81984567122');
INSERT INTO Fone_Func VALUES ('472.287.144-23', '81988645327');
INSERT INTO Fone_Func VALUES ('646.440.783-01', '81992475816');
INSERT INTO Fone_Func VALUES ('540.393.729-30', '81998237288');
INSERT INTO Fone_Func VALUES ('885.391.980-96', '81984532267');
INSERT INTO Fone_Func VALUES ('419.117.609-98', '81994237266');
INSERT INTO Fone_Func VALUES ('655.012.586-33', '81998261502');
INSERT INTO Fone_Func VALUES ('723.499.276-60', '81984018817');
INSERT INTO Fone_Func VALUES ('458.370.681-20', '81997650998');
INSERT INTO Fone_Func VALUES ('468.243.001-79', '81981271644');
INSERT INTO Fone_Func VALUES ('297.907.250-86', '81997165543');
INSERT INTO Fone_Func VALUES ('444.788.547-69', '81984632716');
INSERT INTO Fone_Func VALUES ('683.132.239-52', '81997685517');
INSERT INTO Fone_Func VALUES ('723.842.503-37', '81981274357');
INSERT INTO Fone_Func VALUES ('683.132.239-52', '81998251703');
INSERT INTO Fone_Func VALUES ('444.788.547-69', '81987095567');

-- Periciado

INSERT INTO Periciado VALUES ('perix1', 'Alef Henrique Barbosa', 'Brasileira', 'Isabela Gonçalves Santos',TO_DATE('12/08/1986', 'dd/mm/yyyy'), 'M', 'Casado', '610.933.033-79', '83708-380', 'Rua Jose Basso, 720, Araucaria-PR');
INSERT INTO Periciado VALUES ('perix2', 'Larissa Rodrigues Lopes', 'Americana', 'Lavinia Alves costa',TO_DATE('25/02/1994', 'dd/mm/yyyy'), 'F', 'Solteira', '177.441.171-74', '55034-195', 'Rua da Inconfidencia, 803, Caruaru-PE ');
INSERT INTO Periciado VALUES ('perix3', 'Emilly Lima Cunha', 'Brasileira', 'Gabriele Cavalcanti Pinto ',TO_DATE('01/01/1951', 'dd/mm/yyyy'), 'F', 'Casada', '156.389.303-70', '21675-410', 'Rua Professor Rodrigues Vale, 87, Rio de Janeiro-RJ');
INSERT INTO Periciado VALUES ('perix4', 'Diego Correia Souza', 'Brasileira', 'Yasmim Correia Carvalho ',TO_DATE('11/07/1980', 'dd/mm/yyyy'), 'M', 'Solteiro', '835.387.465-24', '74969-422', ' Rua Maroco, 31, Aparecida de Goiania-GO');
INSERT INTO Periciado VALUES ('perix5', 'Anna Castro Silva', 'Brasileira', 'Manuela Cunha Castro ', TO_DATE('28/08/1987', 'dd/mm/yyyy'), 'F', 'Solteira', '726.898.817-64', '30575-390', 'Rua Doutor Geraldo Cardoso, 342, Belo Horizonte-MG ');
INSERT INTO Periciado VALUES ('perix6', 'Victor Costa Alves', 'Americana', 'Bruno Gomes', TO_DATE('08/07/1973', 'dd/mm/yyyy'), 'M', 'Solteiro', '888.166.966-80', '30575-390', 'Rua Doutor Geraldo Cardoso, 342, Belo Horizonte-MG ');
INSERT INTO Periciado VALUES ('perix7', 'Bruno Azevedo Carvalho', 'Brasileira', 'Arnaldo Gomes', TO_DATE('23/07/1965', 'dd/mm/yyyy'), 'M', 'Solteiro', '102.635.391-21', '40391-150', 'Rua Ana Guerra,1817, Carpina-PE ');
INSERT INTO Periciado VALUES ('perix8', 'Melissa Fernandes Rodrigues', 'Brasileira', 'Amando Gomes', TO_DATE('30/03/1976', 'dd/mm/yyyy'), 'F', 'Solteira', '268.837.906-24', '88138-145', 'Rua Duque de Caixias, 545, Palhoça-SC');
INSERT INTO Periciado VALUES ('perix9', 'Estevan Melo Rocha', 'Brasileira', 'Bruno Rocha', TO_DATE('14/03/1937', 'dd/mm/yyyy'), 'M', 'Solteiro', '502.230.663-89', '56312-271', 'Rua Vinte e Sete, 1652, Petrolina-PE');
INSERT INTO Periciado VALUES ('perix10', 'Joao Castro Araujo', 'Brasileira', 'Tamires Goncalves', TO_DATE('19/01/1976', 'dd/mm/yyyy'), 'M', 'Solteiro', '167.310.168-29', '54370-103', 'Rua Itacarambi. 747, Jaboatao dos Guararapes-PE');

-- Exames

INSERT INTO Exame VALUES ('ex1', 'DM', TO_DATE('31/12/2016', 'dd/mm/yyyy'), TO_DATE('02/01/2017', 'dd/mm/yyyy'), 'perix2', 'dx1');
INSERT INTO Exame VALUES ('ex2', 'DHCP', TO_DATE('21/12/2016', 'dd/mm/yyyy'), TO_DATE('21/12/2016', 'dd/mm/yyyy'), 'perix5', 'dx4');
INSERT INTO Exame VALUES ('ex3', 'DATI', TO_DATE('01/01/2017', 'dd/mm/yyyy'), TO_DATE('26/02/2017', 'dd/mm/yyyy'), 'perix3', 'dx8');
INSERT INTO Exame VALUES ('ex4', 'DPIA', TO_DATE('22/03/2016', 'dd/mm/yyyy'), TO_DATE('30/03/2016', 'dd/mm/yyyy'), 'perix1', 'dx1');
INSERT INTO Exame VALUES ('ex5', 'DHCP', TO_DATE('02/06/2015', 'dd/mm/yyyy'), TO_DATE('13/06/2015', 'dd/mm/yyyy'), 'perix4', 'dx2');
INSERT INTO Exame VALUES ('ex6', 'DHCP', TO_DATE('02/06/2016', 'dd/mm/yyyy'), TO_DATE('13/06/2015', 'dd/mm/yyyy'), 'perix9', 'dx7');
INSERT INTO Exame VALUES ('ex7', 'DM', TO_DATE('31/12/2016', 'dd/mm/yyyy'), TO_DATE('02/02/2017', 'dd/mm/yyyy'), 'perix6', 'dx6');
INSERT INTO Exame VALUES ('ex8', 'DM', TO_DATE('05/12/2015', 'dd/mm/yyyy'), TO_DATE('21/12/2016', 'dd/mm/yyyy'), 'perix8', 'dx4');
INSERT INTO Exame VALUES ('ex9', 'DHCP', TO_DATE('07/02/2005', 'dd/mm/yyyy'), TO_DATE('26/02/2017', 'dd/mm/yyyy'), 'perix10', 'dx4');
INSERT INTO Exame VALUES ('ex10', 'DATI', TO_DATE('02/03/2016', 'dd/mm/yyyy'), TO_DATE('30/03/2016', 'dd/mm/yyyy'), 'perix7', 'dx9');

-- Trabalha

INSERT INTO Trabalha VALUES('522.798.868-47', 'dx1', TO_DATE('01/06/2015', 'dd/mm/yyyy'));
INSERT INTO Trabalha VALUES('913.560.667-39', 'dx5', TO_DATE('12/08/2016', 'dd/mm/yyyy'));
INSERT INTO Trabalha VALUES('592.304.141-31', 'dx8', TO_DATE('28/03/2015', 'dd/mm/yyyy'));
INSERT INTO Trabalha VALUES('325.533.181-11', 'dx2', TO_DATE('06/07/2014', 'dd/mm/yyyy'));
INSERT INTO Trabalha VALUES('129.201.107-64', 'dx9', TO_DATE('07/02/2015', 'dd/mm/yyyy'));
INSERT INTO Trabalha VALUES('629.546.185-90', 'dx6', TO_DATE('09/12/2016', 'dd/mm/yyyy'));
INSERT INTO Trabalha VALUES('834.246.567-55', 'dx7', TO_DATE('05/01/2017', 'dd/mm/yyyy'));
INSERT INTO Trabalha VALUES('718.263.835-57', 'dx3', TO_DATE('12/03/2016', 'dd/mm/yyyy'));
INSERT INTO Trabalha VALUES('723.842.503-37', 'dx1', TO_DATE('19/04/2016', 'dd/mm/yyyy'));
INSERT INTO Trabalha VALUES('683.132.239-52', 'dx4', TO_DATE('25/05/2015', 'dd/mm/yyyy'));
INSERT INTO Trabalha VALUES('444.788.547-69', 'dx5', TO_DATE('28/08/2014', 'dd/mm/yyyy'));
INSERT INTO Trabalha VALUES('468.191.198-44', 'dx8', TO_DATE('27/01/2014', 'dd/mm/yyyy'));
INSERT INTO Trabalha VALUES('211.528.928-51', 'dx9', TO_DATE('12/11/2016', 'dd/mm/yyyy'));
INSERT INTO Trabalha VALUES('297.907.250-86', 'dx1', TO_DATE('20/09/2015', 'dd/mm/yyyy'));
INSERT INTO Trabalha VALUES('155.956.944-16', 'dx2', TO_DATE('09/02/2014', 'dd/mm/yyyy'));
INSERT INTO Trabalha VALUES('249.348.216-60', 'dx5', TO_DATE('18/07/2015', 'dd/mm/yyyy'));
INSERT INTO Trabalha VALUES('468.243.001-79', 'dx4', TO_DATE('20/09/2016', 'dd/mm/yyyy'));
INSERT INTO Trabalha VALUES('458.370.681-20', 'dx9', TO_DATE('18/04/2015', 'dd/mm/yyyy'));
INSERT INTO Trabalha VALUES('723.499.276-60', 'dx8', TO_DATE('20/10/2014', 'dd/mm/yyyy'));
INSERT INTO Trabalha VALUES('655.012.586-33', 'dx3', TO_DATE('19/09/2016', 'dd/mm/yyyy'));
INSERT INTO Trabalha VALUES('419.117.609-98', 'dx6', TO_DATE('21/10/2016', 'dd/mm/yyyy'));
INSERT INTO Trabalha VALUES('885.391.980-96', 'dx7', TO_DATE('12/08/2016', 'dd/mm/yyyy'));
INSERT INTO Trabalha VALUES('540.393.729-30', 'dx5', TO_DATE('10/04/2017', 'dd/mm/yyyy'));
INSERT INTO Trabalha VALUES('646.440.783-01', 'dx6', TO_DATE('18/02/2015', 'dd/mm/yyyy'));
INSERT INTO Trabalha VALUES('472.287.144-23', 'dx10', TO_DATE('15/11/2015', 'dd/mm/yyyy'));
INSERT INTO Trabalha VALUES('297.907.250-86', 'dx10', TO_DATE('09/10/2014', 'dd/mm/yyyy'));
INSERT INTO Trabalha VALUES('444.788.547-69', 'dx2', TO_DATE('12/12/2016', 'dd/mm/yyyy'));
INSERT INTO Trabalha VALUES('683.132.239-52', 'dx7', TO_DATE('07/10/2015', 'dd/mm/yyyy'));
INSERT INTO Trabalha VALUES('683.132.239-52', 'dx6', TO_DATE('20/08/2016', 'dd/mm/yyyy'));
INSERT INTO Trabalha VALUES('646.440.783-01', 'dx4', TO_DATE('08/08/2014', 'dd/mm/yyyy'));

-- Ser Examinado 

INSERT INTO Ser_Examinado VALUES ('683.132.239-52', 'ex1', 'perix2');
INSERT INTO Ser_Examinado VALUES ('683.132.239-52', 'ex2', 'perix5');
INSERT INTO Ser_Examinado VALUES ('683.132.239-52', 'ex3', 'perix3');
INSERT INTO Ser_Examinado VALUES ('444.788.547-69', 'ex4', 'perix1');
INSERT INTO Ser_Examinado VALUES ('444.788.547-69', 'ex5', 'perix4');
INSERT INTO Ser_Examinado VALUES ('444.788.547-69', 'ex6', 'perix9');
INSERT INTO Ser_Examinado VALUES ('723.842.503-37', 'ex7', 'perix6');
INSERT INTO Ser_Examinado VALUES ('885.391.980-96', 'ex8', 'perix8');
INSERT INTO Ser_Examinado VALUES ('472.287.144-23', 'ex9', 'perix10');
INSERT INTO Ser_Examinado VALUES ('723.842.503-37', 'ex10', 'perix7');

-- Diagnostico 

INSERT INTO Diagnostico VALUES ('diagx1', TO_DATE('24/12/2016', 'dd/mm/yyyy') , 'Diagnostico final inconclusivo sobre agressao com martelo', '683.132.239-52', 'ex1');
INSERT INTO Diagnostico VALUES ('diagx2', TO_DATE('15/06/2015' , 'dd/mm/yyyy') , 'Diagnostico final inconclusivo sobre agressao com objetos cortantes', '444.788.547-69', 'ex5');
INSERT INTO Diagnostico VALUES ('diagx3', TO_DATE('05/01/2017' , 'dd/mm/yyyy') , 'Confirmado caso de estupro', '683.132.239-52', 'ex1');
INSERT INTO Diagnostico VALUES ('diagx4', TO_DATE('21/03/2017' , 'dd/mm/yyyy') , 'Confirmada agressao por chutes na regiao toraxica','683.132.239-52', 'ex3');
INSERT INTO Diagnostico VALUES ('diagx5', TO_DATE('27/03/2016' , 'dd/mm/yyyy') , 'Confirmada agressao por metodo de tortura', '444.788.547-69', 'ex4');
INSERT INTO Diagnostico VALUES ('diagx6', TO_DATE('20/01/2016', 'dd/mm/yyyy') , 'Diagnostico final inconclusivo sobre agressao com objeto','885.391.980-96', 'ex8');
INSERT INTO Diagnostico VALUES ('diagx7', TO_DATE('15/01/2017' , 'dd/mm/yyyy') , 'Confirmada agressao por espancamento','444.788.547-69', 'ex6');
INSERT INTO Diagnostico VALUES ('diagx8', TO_DATE('02/04/2016' , 'dd/mm/yyyy') , 'Confirmado caso de estupro','723.842.503-37', 'ex10');
INSERT INTO Diagnostico VALUES ('diagx9', TO_DATE('03/02/2017' , 'dd/mm/yyyy') , 'Confirmado caso de estupro', '723.842.503-37', 'ex7');
INSERT INTO Diagnostico VALUES ('diagx10', TO_DATE('05/03/2005' , 'dd/mm/yyyy') , 'Diagnostico final inconclusivo por metodo de tortura', '472.287.144-23', 'ex9');
